network,node,B,outlet
N1,A,0.8,false
N1,B,0.0,false
N1,C,0.0,false
N1,D,0.0,false
N1,E,0.0,false
N1,F,0.0,true
N2,A,0.8,false
N2,B,0.0,false
N2,C,0.0,false
N2,D,0.0,false
N2,E,0.0,false
N2,F,0.0,false
N2,G,0.0,false
N2,H,0.0,true
N3,A,0.7,false
N3,B,0.55,false
N3,C,0.0,false
N3,D,0.0,false
N3,E,0.0,false
N3,F,0.0,false
N3,G,0.0,false
N3,H,0.0,true
N4,A,0.8,false
N4,B,0.0,false
N4,C,0.0,false
N4,D,0.0,false
N4,E,0.0,false
N4,F,0.0,false
N4,G,0.0,true
N5,N1,0.75,false
N5,N2,0.55,false
N5,N3,0.65,false
N5,N4,0.0,false
N5,N5,0.0,false
N5,N6,0.0,false
N5,N7,0.0,false
N5,N8,0.0,false
N5,N9,0.0,false
N5,N10,0.25,false
N5,N11,0.0,false
N5,N12,0.0,false
N5,N13,0.0,false
N5,N14,0.0,false
N5,N15,0.0,false
N5,N16,0.0,false
N5,N17,0.0,false
N5,N18,0.0,false
N5,N19,0.0,false
N5,N20,0.0,true
